{
  "benchmark": "B1",
  "method": "C0",
  "timestamp": "2026-03-25T18:17:09.415768",
  "elapsed_seconds": 164.44,
  "log_file": "/root/graph-dexposure/DeXposure_Agent/results/run_20260325_181310/B1_C0_20260325_181424.log",
  "results": [
    {
      "method": "C0",
      "horizon": 1,
      "pagerank_mae": 0.0001293887118117896,
      "hhi_mae": 0.06863539578536029,
      "density_mae": 0.00021972769599296093,
      "gini_mae": 0.005447998863210825,
      "rank_correlation": 0.405824636565307,
      "trend_consistency": 0.55625,
      "n_test_snapshots": 32
    },
    {
      "method": "C0",
      "horizon": 4,
      "pagerank_mae": 0.00012117619062159913,
      "hhi_mae": 0.057089182510076414,
      "density_mae": 5.7804626773575977e-05,
      "gini_mae": 0.005640896132597451,
      "rank_correlation": 0.3895656580755683,
      "trend_consistency": 0.47586206896551725,
      "n_test_snapshots": 29
    },
    {
      "method": "C0",
      "horizon": 8,
      "pagerank_mae": 0.00011995996831462538,
      "hhi_mae": 0.0477889797294078,
      "density_mae": 0.0001110237364051671,
      "gini_mae": 0.00547560255425942,
      "rank_correlation": 0.389113282580292,
      "trend_consistency": 0.584,
      "n_test_snapshots": 25
    },
    {
      "method": "C0",
      "horizon": 12,
      "pagerank_mae": 0.00012003688189281794,
      "hhi_mae": 0.043032427213066236,
      "density_mae": 0.0001041974623179872,
      "gini_mae": 0.005709220509696335,
      "rank_correlation": 0.39044219651161366,
      "trend_consistency": 0.580952380952381,
      "n_test_snapshots": 21
    }
  ]
}