{
  "C0": {
    "b1_rank_corr_h4": 0.5646208529520682,
    "b1_trend_consistency_h4": 0.5862068965517241,
    "b1_hhi_mae_h4": 0.032160925980248306,
    "b2_precision_mean": 0.7555555555555555,
    "b2_f1_mean": 0.007022695502922554,
    "b2_lead_time_mean": 4.666666666666667,
    "b3_ece": 0.7562500000000001,
    "b3_pi_coverage": 0.14375,
    "b3_crps": 0.014457568379717836,
    "b6_relative_degradation_mean": 0.16492534516852284
  },
  "C2": {
    "b1_rank_corr_h4": 0.5700787623009229,
    "b1_trend_consistency_h4": 0.0,
    "b1_hhi_mae_h4": 0.03216092870170988,
    "b2_precision_mean": 0.7555555555555555,
    "b2_f1_mean": 0.007022695502922554,
    "b2_lead_time_mean": 4.666666666666667,
    "b3_ece": null,
    "b3_pi_coverage": null,
    "b3_crps": null,
    "b6_relative_degradation_mean": 0.14827137927309633
  }
}