method,b1_rank_corr_h4,b1_trend_consistency_h4,b1_hhi_mae_h4,b2_precision_mean,b2_f1_mean,b2_lead_time_mean,b3_ece,b3_pi_coverage,b3_crps,b6_relative_degradation_mean
C0,0.5646208529520682,0.5862068965517241,0.032160925980248306,0.7555555555555555,0.007022695502922554,4.666666666666667,0.7562500000000001,0.14375,0.014457568379717836,0.16492534516852284
C2,0.5700787623009229,0.0,0.03216092870170988,0.7555555555555555,0.007022695502922554,4.666666666666667,,,,0.14827137927309633
