{
 "n_boot": 10000,
 "n_perm": 20000,
 "ci": {
  "m2_snapshot_llm/f1": [
   0.018393992745805523,
   0.014180960488879277,
   0.022322325305389062
  ],
  "m2_snapshot_llm/fir": [
   0.0,
   0.0,
   0.0
  ],
  "m6_fm_llm/f1": [
   0.024115577711955584,
   0.0200645230088439,
   0.028071705318517937
  ],
  "m6_fm_llm/fir": [
   0.4482758620689655,
   0.29310344827586204,
   0.6005747126436781
  ],
  "m7_fm_llm_gated/f1": [
   0.023410608901896886,
   0.01940616840708159,
   0.02713755736935708
  ],
  "m7_fm_llm_gated/fir": [
   0.43678160919540227,
   0.28160919540229884,
   0.5919540229885056
  ],
  "m6_fm_llm+claude-sonnet-4.6/f1": [
   0.027598712748086052,
   0.022522451491453398,
   0.03243510775673486
  ],
  "m6_fm_llm+google_gemini-2.5-pro/f1": [
   0.01290012735570187,
   0.010267089949315356,
   0.015466522123439224
  ],
  "m7_fm_llm_gated+claude-sonnet-4.6/f1": [
   0.028756344699820642,
   0.02362588403497668,
   0.03354599589116252
  ],
  "m7_fm_llm_gated+google_gemini-2.5-pro/f1": [
   0.013942367414621414,
   0.011057358621869956,
   0.01673154978863131
  ],
  "judge/m2/opus4.8": [
   2.2413793103448274,
   2.103448275862069,
   2.413793103448276
  ],
  "judge/m6/opus4.8": [
   2.413793103448276,
   2.206896551724138,
   2.6206896551724137
  ],
  "judge/m7/opus4.8": [
   2.4482758620689653,
   2.2413793103448274,
   2.6551724137931036
  ],
  "judge/m2/gemini": [
   2.689655172413793,
   2.2413793103448274,
   3.1724137931034484
  ],
  "judge/m6/gemini": [
   2.5517241379310347,
   2.0344827586206895,
   3.103448275862069
  ],
  "judge/m7/gemini": [
   2.896551724137931,
   2.3793103448275863,
   3.4482758620689653
  ],
  "judge/m2/gpt5.5": [
   1.896551724137931,
   1.793103448275862,
   2.0
  ],
  "judge/m6/gpt5.5": [
   2.4482758620689653,
   2.2413793103448274,
   2.6551724137931036
  ],
  "judge/m7/gpt5.5": [
   2.4482758620689653,
   2.2758620689655173,
   2.6206896551724137
  ],
  "judge/m6+sonnet/opus4.8": [
   2.5172413793103448,
   2.2758620689655173,
   2.793103448275862
  ],
  "judge/m7+sonnet/opus4.8": [
   2.6551724137931036,
   2.413793103448276,
   2.896551724137931
  ],
  "m1/recall": [
   0.004052784925731258,
   0.002081962090138629,
   0.00620374884925883
  ],
  "m1/f1": [
   0.008054031026929916,
   0.004119180211523715,
   0.012301324639451692
  ]
 },
 "tests": {
  "f1: m6 vs m2 (FM signal)": 0.000199990000499975,
  "f1: m7 vs m6 (gate)": 0.41057947102644865,
  "f1: m7+sonnet vs m7+opus": 0.00044997750112494374,
  "fir: m6 vs m2": 4.999750012499375e-05,
  "judge: m6 vs m2 (opus4.8)": 0.23208839558022099,
  "judge: m7 vs m6 (opus4.8)": 1.0,
  "judge: m7+sonnet vs m7+opus": 0.21288935553222338,
  "judge: m6 vs m2 (gemini)": 0.7731113444327784,
  "judge: m6 vs m2 (gpt5.5)": 0.00024998750062496874
 }
}