{
 "ks": [
  1,
  2,
  3
 ],
 "rows": {
  "m1 (persist.+rules)": [
   [
    0.0007078010533590578,
    0.2413793103448276
   ],
   [
    0.0017056836202290105,
    0.27586206896551724
   ],
   [
    0.0024473942509653486,
    0.264367816091954
   ]
  ],
  "m2 (LLM, no FM)": [
   [
    0.001531670378631945,
    0.5172413793103449
   ],
   [
    0.0034691498357121283,
    0.5517241379310345
   ],
   [
    0.005696087529176699,
    0.5862068965517241
   ]
  ],
  "m6 (FM+LLM)": [
   [
    0.0016447286036178129,
    0.5517241379310345
   ],
   [
    0.003285689307424014,
    0.5344827586206896
   ],
   [
    0.005297923459327345,
    0.5632183908045977
   ]
  ],
  "m7 (FM+LLM+gate)": [
   [
    0.0016447286036178129,
    0.5517241379310345
   ],
   [
    0.0034671775106908014,
    0.5517241379310345
   ],
   [
    0.005297923459327345,
    0.5632183908045977
   ]
  ],
  "m7 x Sonnet-4.6": [
   [
    0.0016447286036178129,
    0.5517241379310345
   ],
   [
    0.0034671775106908014,
    0.5517241379310345
   ],
   [
    0.005297923459327345,
    0.5632183908045977
   ]
  ]
 },
 "tests": {
  "recall@1: m6 (FM+LLM) vs m2 (LLM, no FM)": {
   "p": 1.0,
   "mean_a": 0.0016447286036178129,
   "mean_b": 0.001531670378631945,
   "n": 29
  },
  "recall@2: m6 (FM+LLM) vs m2 (LLM, no FM)": {
   "p": 0.5013749312534374,
   "mean_a": 0.003285689307424014,
   "mean_b": 0.0034691498357121283,
   "n": 29
  },
  "recall@3: m6 (FM+LLM) vs m2 (LLM, no FM)": {
   "p": 0.24993750312484375,
   "mean_a": 0.005297923459327345,
   "mean_b": 0.005696087529176699,
   "n": 29
  },
  "recall@1: m7 (FM+LLM+gate) vs m2 (LLM, no FM)": {
   "p": 1.0,
   "mean_a": 0.0016447286036178129,
   "mean_b": 0.001531670378631945,
   "n": 29
  },
  "recall@2: m7 (FM+LLM+gate) vs m2 (LLM, no FM)": {
   "p": 1.0,
   "mean_a": 0.0034671775106908014,
   "mean_b": 0.0034691498357121283,
   "n": 29
  },
  "recall@3: m7 (FM+LLM+gate) vs m2 (LLM, no FM)": {
   "p": 0.25053747312634367,
   "mean_a": 0.005297923459327345,
   "mean_b": 0.005696087529176699,
   "n": 29
  },
  "recall@1: m7 (FM+LLM+gate) vs m1 (persist.+rules)": {
   "p": 0.0035498225088745564,
   "mean_a": 0.0016447286036178129,
   "mean_b": 0.0007078010533590578,
   "n": 29
  },
  "recall@2: m7 (FM+LLM+gate) vs m1 (persist.+rules)": {
   "p": 0.0022998850057497125,
   "mean_a": 0.0034671775106908014,
   "mean_b": 0.0017056836202290105,
   "n": 29
  },
  "recall@3: m7 (FM+LLM+gate) vs m1 (persist.+rules)": {
   "p": 0.00039998000099995,
   "mean_a": 0.005297923459327345,
   "mean_b": 0.0024473942509653486,
   "n": 29
  },
  "recall@1: m6 (FM+LLM) vs m1 (persist.+rules)": {
   "p": 0.004199790010499475,
   "mean_a": 0.0016447286036178129,
   "mean_b": 0.0007078010533590578,
   "n": 29
  },
  "recall@2: m6 (FM+LLM) vs m1 (persist.+rules)": {
   "p": 0.005499725013749313,
   "mean_a": 0.003285689307424014,
   "mean_b": 0.0017056836202290105,
   "n": 29
  },
  "recall@3: m6 (FM+LLM) vs m1 (persist.+rules)": {
   "p": 0.00039998000099995,
   "mean_a": 0.005297923459327345,
   "mean_b": 0.0024473942509653486,
   "n": 29
  }
 }
}