{
  "benchmark": "b5_decision",
  "method": "m5_fm_rules",
  "timestamp": "2026-05-17T09:35:11.439505",
  "elapsed_seconds": 1101.31,
  "log_file": "results/run_20260517_161248_ablation_gpu/clean/b5_decision__m5_fm_rules__20260517_091650.log",
  "results": [
    {
      "method": "m5_fm_rules",
      "ticket_precision": 0.6,
      "target_recall_at_k": 0.009633781489621632,
      "score_discrimination": 0.0,
      "target_stability": 0.2569444444444445,
      "stress_pool_size_mean": 283.51724137931035,
      "n_tickets_mean": 2.0,
      "risk_reduction": 0.09135760033249893,
      "audit_completeness": 0.009633781489621632,
      "suppression_rate": 0.0,
      "false_intervention_rate": 0.0,
      "n_weeks_evaluated": 29
    }
  ]
}