{
  "benchmark": "B1",
  "method": "C0",
  "timestamp": "2026-04-14T14:16:06.510684",
  "elapsed_seconds": 363.34,
  "log_file": "results/run_20260414_075532_supplementary/B1_C0_20260414_141003.log",
  "results": [
    {
      "method": "C0",
      "horizon": 1,
      "pagerank_mae": 4.07440273738338e-05,
      "hhi_mae": 0.03755866448717694,
      "density_mae": 5.552350966287274e-05,
      "gini_mae": 0.0027293556035149526,
      "rank_correlation": 0.5525616411278542,
      "trend_consistency": 0.53125,
      "n_test_snapshots": 32
    },
    {
      "method": "C0",
      "horizon": 4,
      "pagerank_mae": 3.801482326960345e-05,
      "hhi_mae": 0.032160925144661894,
      "density_mae": 4.885568587719848e-05,
      "gini_mae": 0.0019876678642750554,
      "rank_correlation": 0.5646208529520682,
      "trend_consistency": 0.5862068965517241,
      "n_test_snapshots": 29
    },
    {
      "method": "C0",
      "horizon": 8,
      "pagerank_mae": 4.196612457987179e-05,
      "hhi_mae": 0.039897278416674814,
      "density_mae": 3.872130167193338e-05,
      "gini_mae": 0.002953448116299451,
      "rank_correlation": 0.5138992592892694,
      "trend_consistency": 0.592,
      "n_test_snapshots": 25
    },
    {
      "method": "C0",
      "horizon": 12,
      "pagerank_mae": 3.88790881965113e-05,
      "hhi_mae": 0.039346236611652194,
      "density_mae": 2.9736022227855964e-05,
      "gini_mae": 0.0029079079862742558,
      "rank_correlation": 0.5227763541679048,
      "trend_consistency": 0.5714285714285715,
      "n_test_snapshots": 21
    }
  ]
}