{
  "benchmark": "b1_forecast",
  "method": "m1_persistence_rules",
  "timestamp": "2026-05-15T03:51:24.340134",
  "elapsed_seconds": 118.38,
  "log_file": "/workspace/graph-dexposure/DeXposure_Agent/results/run_20260515_105030/b1_forecast__m1_persistence_rules__20260515_034925.log",
  "results": [
    {
      "method": "m1_persistence_rules",
      "horizon": 1,
      "pagerank_mae": 3.610148358855295e-05,
      "hhi_mae": 0.037558669308760936,
      "density_mae": 6.851139579790816e-06,
      "gini_mae": 0.0026748814006950193,
      "rank_correlation": 0.5555127419418926,
      "trend_consistency": 0.0,
      "n_test_snapshots": 32
    },
    {
      "method": "m1_persistence_rules",
      "horizon": 4,
      "pagerank_mae": 3.386260345729284e-05,
      "hhi_mae": 0.03216092870170988,
      "density_mae": 1.2357196538348944e-05,
      "gini_mae": 0.0018282137403790952,
      "rank_correlation": 0.5700787623009229,
      "trend_consistency": 0.0,
      "n_test_snapshots": 29
    },
    {
      "method": "m1_persistence_rules",
      "horizon": 8,
      "pagerank_mae": 3.940164379358873e-05,
      "hhi_mae": 0.03989727807959019,
      "density_mae": 2.289262392872479e-05,
      "gini_mae": 0.0028019219814337725,
      "rank_correlation": 0.5165972618036412,
      "trend_consistency": 0.0,
      "n_test_snapshots": 25
    },
    {
      "method": "m1_persistence_rules",
      "horizon": 12,
      "pagerank_mae": 3.684083116009657e-05,
      "hhi_mae": 0.039346235759496376,
      "density_mae": 3.0678266242923575e-05,
      "gini_mae": 0.0026932668510502022,
      "rank_correlation": 0.525112694394281,
      "trend_consistency": 0.0,
      "n_test_snapshots": 21
    }
  ]
}