{
  "benchmark": "B1",
  "method": "C2",
  "timestamp": "2026-03-26T10:33:29.229819",
  "elapsed_seconds": 70.83,
  "log_file": "/root/graph-dexposure/DeXposure_Agent/results/run_20260326_103217/B1_C2_20260326_103218.log",
  "results": [
    {
      "method": "C2",
      "horizon": 1,
      "pagerank_mae": 3.6101483588552997e-05,
      "hhi_mae": 0.037558669308760936,
      "density_mae": 6.851139579790816e-06,
      "gini_mae": 0.0026748814006950193,
      "rank_correlation": 0.5555127419418926,
      "trend_consistency": 0.0,
      "n_test_snapshots": 32
    },
    {
      "method": "C2",
      "horizon": 4,
      "pagerank_mae": 3.386260345729283e-05,
      "hhi_mae": 0.03216092870170988,
      "density_mae": 1.2357196538348944e-05,
      "gini_mae": 0.0018282137403790952,
      "rank_correlation": 0.5700787623009229,
      "trend_consistency": 0.0,
      "n_test_snapshots": 29
    },
    {
      "method": "C2",
      "horizon": 8,
      "pagerank_mae": 3.940164379358877e-05,
      "hhi_mae": 0.03989727807959019,
      "density_mae": 2.289262392872479e-05,
      "gini_mae": 0.0028019219814337725,
      "rank_correlation": 0.5165972618036412,
      "trend_consistency": 0.0,
      "n_test_snapshots": 25
    },
    {
      "method": "C2",
      "horizon": 12,
      "pagerank_mae": 3.684083116009663e-05,
      "hhi_mae": 0.039346235759496376,
      "density_mae": 3.0678266242923575e-05,
      "gini_mae": 0.0026932668510502022,
      "rank_correlation": 0.525112694394281,
      "trend_consistency": 0.0,
      "n_test_snapshots": 21
    }
  ]
}