{
  "benchmark": "B1",
  "method": "C0",
  "timestamp": "2026-03-26T10:37:01.816538",
  "elapsed_seconds": 210.2,
  "log_file": "/root/graph-dexposure/DeXposure_Agent/results/run_20260326_103217/B1_C0_20260326_103331.log",
  "results": [
    {
      "method": "C0",
      "horizon": 1,
      "pagerank_mae": 4.074407661940787e-05,
      "hhi_mae": 0.03755866457389413,
      "density_mae": 5.552350923236987e-05,
      "gini_mae": 0.0027293578438431047,
      "rank_correlation": 0.5525623188550419,
      "trend_consistency": 0.53125,
      "n_test_snapshots": 32
    },
    {
      "method": "C0",
      "horizon": 4,
      "pagerank_mae": 3.801482326960342e-05,
      "hhi_mae": 0.032160925980248306,
      "density_mae": 4.885568587719848e-05,
      "gini_mae": 0.0019876706434448998,
      "rank_correlation": 0.5646208529520682,
      "trend_consistency": 0.5862068965517241,
      "n_test_snapshots": 29
    },
    {
      "method": "C0",
      "horizon": 8,
      "pagerank_mae": 4.1966153041719134e-05,
      "hhi_mae": 0.0398972782054477,
      "density_mae": 3.872093937788894e-05,
      "gini_mae": 0.0029534523064258123,
      "rank_correlation": 0.513904996652204,
      "trend_consistency": 0.592,
      "n_test_snapshots": 25
    },
    {
      "method": "C0",
      "horizon": 12,
      "pagerank_mae": 3.887912129943124e-05,
      "hhi_mae": 0.039346237585166075,
      "density_mae": 2.973559092542211e-05,
      "gini_mae": 0.0029079127820598235,
      "rank_correlation": 0.5227800251247543,
      "trend_consistency": 0.5714285714285715,
      "n_test_snapshots": 21
    }
  ]
}