{
  "benchmark": "B1",
  "method": "C0",
  "timestamp": "2026-03-26T05:40:15.733279",
  "elapsed_seconds": 209.92,
  "log_file": "/root/graph-dexposure/DeXposure_Agent/results/run_20260326_053530/B1_C0_20260326_053645.log",
  "results": [
    {
      "method": "C0",
      "horizon": 1,
      "pagerank_mae": 4.074402320382476e-05,
      "hhi_mae": 0.03755866451065479,
      "density_mae": 5.5522619091022894e-05,
      "gini_mae": 0.0027293556275066987,
      "rank_correlation": 0.5525576149581231,
      "trend_consistency": 0.53125,
      "n_test_snapshots": 32
    },
    {
      "method": "C0",
      "horizon": 4,
      "pagerank_mae": 3.801486634727813e-05,
      "hhi_mae": 0.03216092194335678,
      "density_mae": 4.885535073714388e-05,
      "gini_mae": 0.001987647694754132,
      "rank_correlation": 0.5646237332626036,
      "trend_consistency": 0.5862068965517241,
      "n_test_snapshots": 29
    },
    {
      "method": "C0",
      "horizon": 8,
      "pagerank_mae": 4.196612457987176e-05,
      "hhi_mae": 0.03989727658805898,
      "density_mae": 3.872130167193338e-05,
      "gini_mae": 0.002953436468427655,
      "rank_correlation": 0.5138992592892694,
      "trend_consistency": 0.592,
      "n_test_snapshots": 25
    },
    {
      "method": "C0",
      "horizon": 12,
      "pagerank_mae": 3.887908819651128e-05,
      "hhi_mae": 0.039346234380543306,
      "density_mae": 2.9736022227855964e-05,
      "gini_mae": 0.0029078974979311993,
      "rank_correlation": 0.5227763541679048,
      "trend_consistency": 0.5714285714285715,
      "n_test_snapshots": 21
    }
  ]
}