{
  "model": "DeXposure-FM",
  "h1": {
    "exist": {
      "auprc": 0.977961656036245,
      "auroc": 0.9963002023478863,
      "recall@100": 4.326485228297809e-05,
      "recall@500": 0.00021632426141489046,
      "recall@1000": 0.00043264852282978093
    },
    "weight": {
      "mae": 2.090425968170166,
      "rmse": 3.1792530259734946,
      "weighted_mae": 5.281527042388916
    },
    "node": {
      "mae": 0.05522773414850235,
      "rmse": 0.3993999413416709
    }
  }
}