{
  "model": "DeXposure-FM",
  "results": {
    "h1": {
      "exist": {
        "auprc": 0.9722268181113477,
        "auroc": 0.9950833473884125,
        "recall@100": 4.326485228297809e-05,
        "recall@500": 0.00021632426141489046,
        "recall@1000": 0.00043264852282978093
      },
      "weight": {
        "mae": 2.4651639461517334,
        "rmse": 3.3874919145213123,
        "weighted_mae": 5.252975940704346
      },
      "node": {
        "mae": 0.05601648986339569,
        "rmse": 0.40023138089449717
      }
    },
    "h4": {
      "exist": {
        "auprc": 0.973198412455294,
        "auroc": 0.9950168326561903,
        "recall@100": 4.796747421508424e-05,
        "recall@500": 0.0002398373710754212,
        "recall@1000": 0.0004796747421508424
      },
      "weight": {
        "mae": 2.489104986190796,
        "rmse": 3.423646094036221,
        "weighted_mae": 3.643085479736328
      },
      "node": {
        "mae": 0.14011390507221222,
        "rmse": 0.6795573493610062
      }
    }
  },
  "config": {
    "finetune": true,
    "epochs": 20,
    "seed": 42
  },
  "status": "partial"
}