{
  "model": "GraphPFN-Frozen",
  "h1": {
    "exist": {
      "auprc": 0.9383730827204543,
      "auroc": 0.9882602054084063,
      "recall@100": 4.326485228297809e-05,
      "recall@500": 0.0002154589643692309,
      "recall@1000": 0.0004309179287384618
    },
    "weight": {
      "mae": 3.260279655456543,
      "rmse": 4.382622753802617,
      "weighted_mae": 13.61985969543457
    },
    "node": {
      "mae": 0.05899295210838318,
      "rmse": 0.4011987300156225
    }
  },
  "h12": {
    "exist": {
      "auprc": 0.9362305439778493,
      "auroc": 0.9863005196259305,
      "recall@100": 6.672569666631747e-05,
      "recall@500": 0.00033362848333158736,
      "recall@1000": 0.0006672569666631747
    },
    "weight": {
      "mae": 3.135704755783081,
      "rmse": 4.129822888213573,
      "weighted_mae": 12.324559211730957
    },
    "node": {
      "mae": 0.32431137561798096,
      "rmse": 1.0557839239994709
    }
  },
  "h4": {
    "exist": {
      "auprc": 0.9397281302110968,
      "auroc": 0.9881547307059507,
      "recall@100": 4.796747421508424e-05,
      "recall@500": 0.0002388780215911195,
      "recall@1000": 0.00047823571792438984
    },
    "weight": {
      "mae": 3.188711643218994,
      "rmse": 4.0486361526636685,
      "weighted_mae": 11.923940658569336
    },
    "node": {
      "mae": 0.14200115203857422,
      "rmse": 0.6823001938692276
    }
  },
  "h8": {
    "exist": {
      "auprc": 0.9376999106356392,
      "auroc": 0.9871547557838007,
      "recall@100": 5.5894899702191977e-05,
      "recall@500": 0.00027891554951393796,
      "recall@1000": 0.0005578310990278759
    },
    "weight": {
      "mae": 3.1689512729644775,
      "rmse": 4.0638193189000225,
      "weighted_mae": 12.19893741607666
    },
    "node": {
      "mae": 0.2151646763086319,
      "rmse": 0.8964137629206937
    }
  }
}