{
  "model": "DeXposure-FM",
  "h12": {
    "exist": {
      "auprc": 0.9671527070989584,
      "auroc": 0.9932173212370934,
      "recall@100": 6.672569666631747e-05,
      "recall@500": 0.00033362848333158736,
      "recall@1000": 0.0006672569666631747
    },
    "weight": {
      "mae": 2.6483569145202637,
      "rmse": 3.6062300550943935,
      "weighted_mae": 4.052999019622803
    },
    "node": {
      "mae": 0.28602248430252075,
      "rmse": 1.0456744469752557
    }
  },
  "h8": {
    "exist": {
      "auprc": 0.9667030273063417,
      "auroc": 0.9934984300089452,
      "recall@100": 5.5894899702191977e-05,
      "recall@500": 0.0002794744985109599,
      "recall@1000": 0.0005589489970219198
    },
    "weight": {
      "mae": 2.554246187210083,
      "rmse": 3.509194286717558,
      "weighted_mae": 5.353848457336426
    },
    "node": {
      "mae": 0.22921060025691986,
      "rmse": 0.8902385274699015
    }
  }
}