{
  "benchmark": "b5_decision",
  "method": "m1_persistence_rules",
  "timestamp": "2026-05-15T20:19:19.181308",
  "elapsed_seconds": 1706.54,
  "log_file": "/workspace/graph-dexposure/DeXposure_Agent/results/run_20260515_b5tkde/b5_decision__m1_persistence_rules__20260515_195052.log",
  "results": [
    {
      "method": "m1_persistence_rules",
      "ticket_precision": 0.72,
      "target_recall_at_k": 0.003809948597416542,
      "score_discrimination": 0.0,
      "target_stability": 0.5138888888888888,
      "stress_pool_size_mean": 283.51724137931035,
      "n_tickets_mean": 0.6896551724137931,
      "risk_reduction": 0.09116506992977855,
      "audit_completeness": 0.003809948597416542,
      "suppression_rate": 0.0,
      "false_intervention_rate": 0.0,
      "n_weeks_evaluated": 29
    }
  ]
}